Drug_Type,Grams,Export_Country,Seller,Buyer_Gender,Buyer_Age,Repurchase_Count,Price
Heroin,9.535222657098883,Colombia,A,Female,31,9,94.3385294435111
Marijuana,9.773748858908036,Colombia,B,Female,19,6,886.837747215883
Marijuana,8.392481585820562,Colombia,C,Male,28,5,4334.242345444895
Cocaine,6.44615943283421,Colombia,C,Female,25,10,782.6915357031218
Marijuana,3.914444504178012,Mexico,B,Male,30,8,625.3594923741763
Cocaine,8.976481281001714,Mexico,A,Female,18,10,660.1186486768239
Heroin,7.74075911551177,Colombia,B,Male,26,10,424.83310669683635
Marijuana,8.584755339885662,Colombia,A,Female,35,10,414.4012461389576
Cocaine,0.12753522420362332,Mexico,A,Male,19,5,3491.418591297396
Marijuana,4.690893061956435,Mexico,C,Male,32,7,454.79096582696195
Marijuana,9.095182098642466,Afghanistan,A,Female,21,8,309.04177403781716
Cocaine,0.8689580290679857,Afghanistan,C,Female,18,8,90.44833953233304
Cocaine,8.376493431908273,Colombia,A,Male,26,7,924.4242493244941
Marijuana,4.356267514254505,Mexico,C,Female,29,5,4651.371161345963
Heroin,7.8202393849030996,Afghanistan,B,Male,29,5,3998.619324990587
Marijuana,3.1831209688706124,Colombia,A,Female,35,5,3015.5614161654257
Heroin,4.651493430897368,Afghanistan,A,Male,27,9,611.2319013485788
Marijuana,9.638086803300084,Mexico,C,Female,28,5,3364.340750641624
Cocaine,4.553064212030624,Afghanistan,C,Female,24,10,415.43661316996435
Heroin,1.35541729656676,Colombia,C,Female,35,5,2218.344625737427
Marijuana,2.962209477391129,Colombia,C,Female,18,5,2372.5411549916453
Cocaine,7.790061188198976,Mexico,A,Male,32,5,1161.4438213841267
Heroin,3.7539464585414457,Colombia,A,Female,32,9,168.74790054741584
Cocaine,2.0265050450926485,Colombia,B,Male,30,7,556.0562479927588
Heroin,3.006824783402584,Colombia,C,Female,21,6,933.5916864827441
Marijuana,1.0640947620704755,Afghanistan,C,Female,24,7,414.9407079848803
Heroin,5.844215836184091,Colombia,B,Female,18,9,401.9281373451828
Marijuana,1.882216855164246,Mexico,A,Female,25,8,782.3116708595117
Heroin,2.001515256451925,Afghanistan,C,Male,31,8,146.57927730306415
Marijuana,5.340913984723864,Colombia,A,Male,24,10,194.0407882165214
Heroin,7.11129152413129,Colombia,A,Male,30,5,1666.4975430710601
Heroin,0.28980265177947184,Colombia,A,Male,32,6,853.4640301581643
Heroin,5.910942820352969,Mexico,C,Male,33,6,770.7355556566085
Cocaine,7.173505673959468,Mexico,B,Male,24,9,375.3262914512267
Cocaine,4.334735911028773,Afghanistan,B,Male,20,6,833.4977027763935
Cocaine,8.319332084693013,Afghanistan,C,Female,20,10,338.50585253897464
Heroin,7.228381766131977,Afghanistan,A,Male,31,10,334.5027460377727
Heroin,5.601345777622879,Colombia,C,Female,28,8,51.72000554980286
Heroin,7.593808974534867,Mexico,A,Female,34,5,3661.8908583664447
Heroin,0.24128413818813257,Mexico,C,Male,22,6,96.99811591638695
Heroin,7.877523650227769,Mexico,B,Male,21,10,644.1174263725014
Heroin,6.807639307657576,Colombia,A,Male,30,9,535.663416066809
Marijuana,4.6430242674723905,Colombia,A,Female,33,9,103.74214155314698
Heroin,6.776520122430558,Mexico,B,Male,31,7,982.4511337671739
Marijuana,8.573011848019183,Afghanistan,B,Male,24,7,136.48409959436356
Heroin,4.779040784045766,Mexico,C,Female,33,6,464.1467735575265
Marijuana,7.153604167132959,Colombia,B,Female,18,6,608.4972376189822
Marijuana,9.736665602149538,Mexico,B,Female,24,10,757.1475106448158
Marijuana,6.591398642439986,Colombia,A,Male,18,8,406.95323062242016
Marijuana,7.694349044922159,Mexico,C,Male,35,9,297.1954471519766
Cocaine,9.632979496708534,Mexico,C,Female,35,8,288.37664257838213
Marijuana,7.28650382902904,Mexico,C,Male,22,6,669.4663814537536
Cocaine,0.5001931700813603,Mexico,B,Female,23,7,551.9095421919649
Heroin,3.384886614972412,Afghanistan,A,Male,33,9,360.64314940579277
Cocaine,2.4869851639474856,Mexico,A,Female,25,5,3887.8285529460904
Marijuana,6.423884455230521,Colombia,B,Female,25,8,753.1734260481984
Cocaine,8.285297061057433,Colombia,C,Female,21,8,448.73537087764373
Marijuana,1.4374118840661874,Afghanistan,B,Male,29,9,401.7903839872439
Marijuana,7.1427875299897625,Colombia,C,Male,27,8,89.14500906262096
Marijuana,9.128179715540792,Colombia,B,Female,20,8,104.01031632532293
Cocaine,5.762469211721979,Mexico,C,Male,28,10,578.2538294861868
Cocaine,2.052017593587744,Mexico,A,Male,24,10,94.83394603823328
Marijuana,9.281240259591133,Afghanistan,A,Female,22,9,613.5736223955955
Marijuana,3.2480231454173425,Afghanistan,A,Female,26,8,578.4873225151218
Marijuana,6.237155979624524,Afghanistan,C,Male,19,7,994.4341938151135
Cocaine,5.68025035952416,Afghanistan,B,Male,25,5,3264.4349969089885
Cocaine,1.3526174159744084,Mexico,A,Female,20,5,4631.794254117922
Heroin,9.159166437960316,Colombia,A,Male,29,8,923.3212698049114
Heroin,8.136131324162111,Afghanistan,C,Female,25,7,415.6149190273221
Heroin,3.9223820723097638,Colombia,C,Male,22,6,198.9595701792525
Heroin,4.7317650857972415,Mexico,B,Female,33,6,838.4663325152617
Cocaine,4.700363643781357,Colombia,C,Female,35,5,4381.925086687812
Heroin,7.636874804593065,Mexico,A,Female,18,6,343.3895380458528
Marijuana,0.26405992383743093,Afghanistan,A,Male,19,7,88.39609003137427
Cocaine,1.658030607723966,Colombia,A,Female,27,9,827.9168771757642
Heroin,3.799318632807465,Colombia,C,Female,21,6,139.43564810716603
Heroin,9.340898365577905,Afghanistan,A,Female,30,5,2742.935102284304
Cocaine,2.2565970239804765,Colombia,B,Male,26,8,577.1145222243583
Marijuana,2.213696571051533,Colombia,B,Male,27,10,484.4193254009866
Marijuana,3.127256467473958,Mexico,A,Female,31,8,926.944289112543
Marijuana,7.4951740378813385,Mexico,C,Female,25,9,788.9200839653001
Cocaine,5.5662399393402,Afghanistan,C,Male,19,7,75.0975973732831
Cocaine,0.9571041526709464,Mexico,B,Male,19,9,936.2132341202412
Marijuana,2.0613565862194445,Afghanistan,C,Male,34,8,648.9158998595738
Marijuana,1.2899940329016306,Mexico,A,Male,26,8,648.2016001985671
Heroin,1.0023845414356636,Mexico,C,Female,19,5,2885.4309780892017
Marijuana,2.0695232660290888,Afghanistan,B,Female,25,5,4775.306748614539
Cocaine,8.578562328060205,Colombia,A,Female,24,7,975.882749333721
Marijuana,8.8830112097556,Colombia,C,Male,27,7,241.51395195586636
Cocaine,8.69519437278352,Colombia,A,Female,22,6,896.0766177178899
Cocaine,8.680679215342442,Mexico,A,Male,22,10,136.05602864641037
Heroin,3.64104150128803,Colombia,C,Female,26,8,841.3693599569402
Heroin,0.4168757984745397,Afghanistan,A,Female,20,10,467.92823884707343
Cocaine,8.978428603441147,Colombia,A,Male,29,8,644.8263036993939
Heroin,0.16981295840753724,Afghanistan,C,Male,24,10,857.9961308580306
Cocaine,1.7294342548832018,Colombia,B,Female,30,8,557.8345530611382
Heroin,8.553443691704683,Mexico,C,Female,28,7,406.0618971484935
Cocaine,1.2002399210211245,Mexico,A,Male,30,7,904.8561538415377
Marijuana,7.480725060936194,Colombia,B,Male,27,8,337.41764453659954
Marijuana,0.7597803666530971,Colombia,A,Male,22,5,3652.360784051038
Marijuana,5.130626575546415,Colombia,A,Male,20,6,140.4868349865999
Marijuana,3.097223714151096,Afghanistan,A,Female,25,6,590.9946968278906
Marijuana,6.982119772849441,Mexico,B,Male,28,9,514.5256995213069
Marijuana,7.236566926873341,Mexico,C,Female,23,5,3946.6978564294905
Heroin,8.663726227712452,Colombia,A,Male,31,5,2534.9530266753936
Marijuana,8.382213163847196,Afghanistan,A,Male,32,5,3753.7669691683564
Marijuana,9.04888860167148,Mexico,A,Male,19,10,232.64628436932512
Cocaine,9.238623955015402,Mexico,A,Male,32,5,3630.495943990215
Heroin,1.066300983278914,Mexico,A,Male,28,8,69.46444178206458
Marijuana,7.143868157294228,Mexico,B,Female,23,9,802.391944991583
Marijuana,7.491506932477368,Mexico,A,Male,30,8,959.7985920602662
Cocaine,0.9266562042110907,Mexico,C,Female,24,10,219.1823834425366
Heroin,3.149482087221292,Afghanistan,C,Female,24,5,4931.772723025808
Heroin,5.447618065306314,Mexico,C,Female,18,7,845.8399728034952
Marijuana,2.9319105103362704,Mexico,A,Female,26,5,3723.0366548391553
Marijuana,6.3457653142937955,Colombia,C,Male,34,8,325.893147542754
Marijuana,1.2584072704011764,Colombia,A,Female,21,10,727.7310016947828
Heroin,0.7465451767004148,Colombia,A,Male,27,5,1203.6908075482056
Heroin,7.139571082338194,Colombia,A,Male,24,8,719.8278768066162
Marijuana,8.852761195467206,Colombia,B,Male,35,6,961.8266966275671
Heroin,2.6557383105143932,Colombia,A,Female,18,10,925.4352276854951
Heroin,8.448728364954,Mexico,B,Male,35,10,416.9200661654284
Cocaine,5.2472098628176616,Mexico,C,Female,33,9,515.5330336805619
Marijuana,5.229861407930648,Mexico,B,Female,32,5,1052.2657873227747
Cocaine,9.89073753603826,Colombia,C,Female,35,5,2578.8001323972626
Cocaine,5.1503514612881585,Colombia,A,Male,22,10,205.81737631203134
Marijuana,6.591035638337138,Colombia,A,Female,27,10,710.7067303272707
Marijuana,6.678386326539751,Afghanistan,A,Female,20,7,981.2576064816656
Marijuana,9.559252059330756,Mexico,C,Male,29,6,514.8292229180795
Heroin,7.057336938311701,Mexico,B,Male,20,5,3051.4410545378923
Cocaine,5.944215372890982,Mexico,A,Female,27,10,736.1915131415996
Cocaine,1.5909428857322434,Mexico,B,Male,25,7,492.33519602497944
Marijuana,9.307506431354721,Afghanistan,B,Female,19,5,3253.0397349816944
Cocaine,0.3007298945619724,Mexico,C,Female,18,5,3765.3321303130865
Marijuana,4.746779775521712,Afghanistan,B,Female,33,7,796.9886156129307
Heroin,8.17462990862387,Mexico,A,Male,22,7,489.9697972188871
Cocaine,6.942287528482441,Mexico,A,Male,30,9,270.4918033800328
Heroin,4.281996425293171,Afghanistan,B,Female,29,7,250.4917944596462
Cocaine,3.3123433322646987,Mexico,A,Male,22,9,449.25300036027187
Heroin,8.835209400155005,Mexico,C,Female,18,6,305.2012887558826
Cocaine,9.653001023868502,Colombia,B,Male,31,8,923.3239048938142
Heroin,4.972375313919482,Colombia,A,Male,33,10,488.43034137556305
Marijuana,2.3054403838746214,Colombia,B,Female,35,9,430.0760109125541
Cocaine,3.500583073577017,Colombia,B,Male,26,7,125.74455642937029
Cocaine,6.829673524120157,Afghanistan,C,Male,20,6,152.09649696144226
Marijuana,6.558118078043253,Afghanistan,C,Female,23,5,1819.5154437490055
Marijuana,9.564197770761764,Afghanistan,C,Male,24,9,243.77043310947542
Cocaine,4.617254269803104,Colombia,C,Male,28,10,658.9885162520807
Marijuana,7.076050297241042,Afghanistan,B,Male,29,10,275.7886151731799
Marijuana,8.181230361377231,Colombia,B,Female,29,9,523.0925220699673
Cocaine,6.290471455872503,Mexico,C,Male,28,6,939.4231921415867
Heroin,7.014020423996078,Mexico,A,Male,22,6,321.5563618393912
Cocaine,7.898598401184585,Mexico,C,Female,29,8,965.4699652532762
Cocaine,6.470588145053105,Colombia,C,Female,33,7,266.26449277010295
Cocaine,4.707505114399744,Colombia,B,Male,28,9,216.04598478821723
Heroin,5.215855535583623,Colombia,A,Male,20,9,440.95234985262266
Marijuana,7.667835740629215,Afghanistan,A,Female,31,9,119.71101340830525
Marijuana,4.3212908874749925,Mexico,C,Female,28,9,708.5636971095739
Marijuana,2.799567713888862,Colombia,C,Female,27,8,592.7869292831879
Marijuana,8.869606118023622,Afghanistan,A,Female,34,6,486.83701709085966
Heroin,6.194517255557436,Mexico,C,Male,31,8,694.1725482368242
Heroin,8.505716399955034,Afghanistan,C,Male,28,8,944.7777275691656
Heroin,9.535168064827623,Colombia,B,Male,31,10,216.6556495026736
Cocaine,8.425507480529982,Mexico,A,Female,24,7,405.54393805788794
Marijuana,2.95168216034695,Colombia,B,Male,25,8,316.4310652165401
Heroin,5.3590641538771715,Colombia,B,Male,25,5,4615.792306491656
Marijuana,9.067096784620793,Afghanistan,A,Female,23,5,3006.522790878438
Cocaine,5.04917311981828,Colombia,A,Female,33,5,2396.0004117225126
Cocaine,0.868927871147363,Mexico,C,Male,31,6,242.84396326834073
Cocaine,7.184646110095346,Afghanistan,A,Female,28,9,609.9996198452098
Marijuana,4.141209464545733,Afghanistan,C,Male,33,5,1715.8965857948128
Marijuana,1.5032685066373432,Afghanistan,A,Male,27,10,103.41353814320422
Cocaine,6.508791708584137,Colombia,A,Female,23,5,1911.4549302442133
Marijuana,7.427211205981374,Afghanistan,C,Female,26,7,641.9400990447721
Heroin,6.63468810035754,Mexico,B,Female,34,7,231.46700316254274
Heroin,5.007706753874849,Mexico,A,Male,25,6,647.7260464491497
Marijuana,8.473630257892582,Afghanistan,A,Male,26,7,513.8745172977602
Marijuana,4.451220746130928,Mexico,B,Male,35,7,280.3520762428844
Cocaine,9.60493058211838,Colombia,B,Female,32,5,1889.9709613396865
Heroin,7.159880373275884,Colombia,B,Female,21,8,67.94200112553773
Heroin,8.114371220576446,Mexico,A,Female,35,6,194.68700864797933
Marijuana,2.6375482738478526,Mexico,B,Female,18,8,804.0863542129764
Heroin,6.341257049104344,Colombia,A,Male,33,5,2612.0568453397645
Marijuana,7.42826053640325,Mexico,A,Female,25,6,108.37265102670243
Heroin,2.4214160668648406,Colombia,C,Female,30,7,335.3623771009859
Cocaine,0.44760959717778215,Colombia,B,Female,18,10,507.807664915083
Heroin,6.409404454980779,Colombia,C,Male,28,10,855.6943915242882
Cocaine,3.9125888414839043,Afghanistan,C,Female,23,7,139.0604031208187
Heroin,1.1398673026288606,Colombia,C,Male,28,10,320.9531720729568
Cocaine,0.6135348789671909,Mexico,B,Male,30,7,416.53140637328795
Marijuana,1.8865613728694357,Afghanistan,A,Female,32,10,563.8918194167694
Marijuana,9.099522805756825,Mexico,B,Female,31,5,2649.146466434091
Cocaine,2.882541626588588,Afghanistan,B,Male,18,6,198.69931796285147
Cocaine,5.371303619765072,Mexico,C,Male,32,7,495.2439213395831
Cocaine,1.8927438643766805,Afghanistan,C,Male,21,10,517.1779172014578
Marijuana,8.748319919059783,Colombia,A,Male,23,7,467.4304417473754
Marijuana,0.7910429660147216,Afghanistan,A,Female,20,7,632.875387435273
Marijuana,7.451791981414947,Afghanistan,C,Female,24,6,644.2658958453682
Cocaine,3.841915981722798,Afghanistan,B,Male,21,6,441.6777620186785
Marijuana,6.477611350733486,Afghanistan,C,Female,30,9,108.76053754516249
Cocaine,7.034606147834505,Colombia,B,Female,28,8,537.8771689042214
Marijuana,5.444572899573548,Colombia,A,Female,34,7,402.01510741545786
Marijuana,8.155840928508196,Colombia,C,Female,26,6,303.7920252340986
Heroin,9.592812261831122,Colombia,B,Female,27,9,795.6342958038506
Marijuana,7.363911463205943,Afghanistan,B,Male,19,10,169.98702380526072
Cocaine,4.143186258735179,Colombia,B,Female,21,8,529.040390935596
Marijuana,4.930605383637021,Afghanistan,A,Male,34,6,914.8276299854762
Marijuana,5.1992457900849285,Afghanistan,B,Male,19,5,3168.942397341664
Marijuana,5.5911581856375046,Colombia,C,Male,31,10,972.562016380149
Cocaine,3.987588562250723,Mexico,A,Female,34,5,4817.005215527715
Marijuana,5.686595614690981,Mexico,B,Male,30,9,341.61930170536596
Heroin,0.5192443616710428,Mexico,B,Female,29,6,634.472768438523
Heroin,9.27411977767614,Afghanistan,C,Female,34,5,1072.3605147332767
Marijuana,8.357103634210391,Colombia,C,Female,18,8,931.4870494548069
Marijuana,6.418942368729073,Afghanistan,C,Male,20,10,782.987978444001
Cocaine,7.520202304488242,Colombia,A,Female,21,8,663.8427471854934
Cocaine,4.27002235366449,Afghanistan,B,Female,25,9,546.5147314061498
Cocaine,6.583629939751242,Colombia,C,Male,20,5,4138.311448641649
Cocaine,3.199570145617942,Colombia,B,Female,29,9,689.2744429712684
Heroin,5.895133859077634,Afghanistan,A,Female,20,10,651.2528475610728
Heroin,0.943226068499077,Colombia,A,Female,19,9,680.8595232974942
Marijuana,9.469039723392008,Afghanistan,C,Male,31,6,511.6242196794931
Cocaine,8.363630553959657,Mexico,B,Male,29,10,819.6276660830766
Marijuana,8.224838528849357,Mexico,A,Female,24,9,220.31015148703113
Marijuana,0.25226321982157485,Mexico,B,Female,31,5,3056.6149303701486
Cocaine,3.579199249495805,Colombia,C,Male,19,6,575.4060353913216
Cocaine,7.86279215468557,Mexico,A,Male,34,6,799.9439681322255
Cocaine,3.556561952745065,Colombia,A,Female,35,6,384.9128434192747
Heroin,9.831058274478224,Afghanistan,B,Female,25,8,721.7237235344528
Marijuana,9.020251056776273,Mexico,C,Male,23,5,2930.3526443087717
Cocaine,6.960274800139292,Mexico,C,Male,18,8,744.9723739552993
Marijuana,2.1492358696646003,Colombia,B,Male,22,5,3839.9587330662175
Marijuana,1.0766602566422738,Afghanistan,B,Female,22,5,3243.5890027263854
Heroin,1.907463901800479,Mexico,B,Male,29,8,690.6069893935877
Heroin,3.583941555516333,Mexico,B,Female,26,6,759.9610593872089
Heroin,5.851575832673618,Afghanistan,C,Female,32,6,268.91289160107897
Heroin,1.0308660056493262,Colombia,C,Female,35,7,686.5440130706139
Marijuana,5.053002319190477,Afghanistan,A,Female,26,5,1308.813076425246
Marijuana,8.115164575505862,Colombia,C,Male,20,9,936.3264885448441
Cocaine,2.889766113631417,Colombia,C,Female,29,10,982.9424019759796
Heroin,9.014991890388377,Mexico,B,Male,25,5,1607.0248082300518
Cocaine,7.474028851114676,Afghanistan,C,Male,30,5,3987.2335956045963
Heroin,6.152583955343036,Colombia,B,Female,25,7,295.218638875818
Heroin,4.532423409662544,Colombia,A,Female,24,6,518.0323922161218
Cocaine,9.049025438737152,Afghanistan,A,Female,22,6,244.80918956274456
Marijuana,2.2945943516893785,Mexico,A,Female,31,7,441.37258403280634
Cocaine,5.873154493476559,Afghanistan,C,Female,19,9,145.78725746577277
Cocaine,7.060726207798856,Mexico,C,Female,18,9,877.8127245162818
Marijuana,5.828366072260639,Mexico,C,Male,27,10,805.0973975003947
Cocaine,1.1126304105043705,Mexico,A,Female,20,5,2707.7202830964243
Cocaine,7.775105219420271,Colombia,A,Male,23,6,462.01378071414996
Marijuana,9.294834665574342,Afghanistan,C,Male,24,5,4738.299759026031
Marijuana,4.967057011897788,Colombia,B,Female,23,8,144.40547780488106
Marijuana,4.626565939198237,Afghanistan,A,Female,31,9,304.13020502288464
Cocaine,7.055431875478492,Afghanistan,C,Male,20,10,98.64265440322312
Heroin,2.5400605733257478,Mexico,A,Male,18,10,595.3758663634128
Heroin,2.603405238143892,Colombia,C,Male,20,8,221.493758083222
Marijuana,8.652735114778174,Afghanistan,C,Female,25,6,941.5267399523372
Cocaine,0.3334364927314959,Colombia,B,Female,18,5,3024.4781447080763
Marijuana,7.407347351206269,Afghanistan,C,Male,19,6,548.1772146922235
Heroin,9.412017464195461,Mexico,C,Male,35,6,912.1075216296589
Marijuana,4.1444382698547,Colombia,C,Female,31,10,874.175625536418
Heroin,6.627702992933821,Colombia,C,Male,33,7,580.9584774434735
Cocaine,9.518755227717735,Colombia,C,Male,35,9,702.519083905398
Heroin,3.111213698138454,Mexico,C,Male,35,8,222.1028214251798
Heroin,7.471828182171332,Mexico,C,Female,22,10,580.1939972543203
Cocaine,2.3184356326045803,Colombia,C,Female,35,10,914.5753639673861
Cocaine,5.030935481126678,Mexico,B,Female,22,5,1498.930353955192
Marijuana,2.922532331083361,Colombia,C,Female,23,10,542.03455747633
Heroin,8.20579042743636,Mexico,B,Female,23,8,805.3235414248886
Cocaine,3.7399489439417883,Colombia,C,Male,20,10,537.9989867369909
Heroin,2.4903305021768976,Mexico,A,Female,19,7,262.2744484325874
Marijuana,7.526275930958191,Colombia,C,Female,31,10,380.0617524248042
Cocaine,9.14307443003162,Colombia,B,Male,18,10,410.8060913588037
Marijuana,5.159020923520192,Mexico,C,Female,19,7,529.464452539979
Cocaine,5.9944782219804615,Colombia,A,Female,26,10,176.58591359248106
Marijuana,0.3664091554452894,Afghanistan,C,Female,23,10,808.7364217847382
Heroin,6.834078218975591,Colombia,A,Female,33,6,757.5555276556532
Heroin,0.11988007697859974,Mexico,B,Male,31,6,580.6901680283827
Cocaine,2.1660056226295965,Afghanistan,C,Female,26,10,803.2562809505894
Heroin,6.402266443372948,Mexico,B,Female,33,7,142.486333619081
Marijuana,2.1507138549417557,Mexico,B,Male,26,9,822.0169933981412
Marijuana,3.2249126234773287,Mexico,B,Male,20,6,133.35240936469847
Cocaine,1.2841184081548969,Colombia,C,Male,27,10,945.2763223182816
Heroin,9.33219690553699,Colombia,C,Male,33,6,899.6570951185817
Marijuana,9.14388277070428,Mexico,A,Male,27,7,83.92023780243946
Heroin,6.576551918603392,Colombia,B,Male,32,5,2306.3246779328997
Marijuana,6.138607573358235,Afghanistan,B,Male,19,9,436.0761045382189
Heroin,4.471353888351979,Afghanistan,B,Male,28,5,4539.433933426973
Cocaine,7.5895441597772715,Afghanistan,A,Male,33,5,2152.8594213069737
Heroin,6.050605066740829,Afghanistan,C,Male,25,9,522.920417484471
Cocaine,0.43526343301838,Afghanistan,A,Female,30,10,393.8013710760556
Heroin,3.3551837549344863,Colombia,A,Male,21,6,751.3597056697417
Heroin,2.5628306817476685,Colombia,A,Female,22,5,1396.9184705728517
Heroin,9.428521442188073,Mexico,C,Male,26,10,367.57725649657584
Marijuana,1.2855344985743669,Colombia,C,Female,30,7,426.7773632014316
Marijuana,0.6976822258611547,Afghanistan,C,Female,34,9,151.42860828111006
Cocaine,2.151548444044,Afghanistan,C,Female,31,9,396.1455433669102
Cocaine,8.76426427125184,Colombia,C,Female,33,8,676.6590618084597
Heroin,0.5084648158490425,Colombia,B,Female,18,8,73.00440957332582
Cocaine,3.019550591530337,Colombia,C,Male,18,4,3103.851065969729
Heroin,9.39586268463354,Afghanistan,C,Female,21,2,2689.066504147398
Marijuana,2.961899015278428,Mexico,A,Female,28,2,3524.8902015456724
Cocaine,4.049197965648595,Mexico,A,Male,27,0,1397.50079176984
Cocaine,0.9835367484254596,Colombia,B,Male,20,4,1426.1160370089767
Cocaine,0.7577142983549285,Mexico,B,Male,28,3,3008.2386883460067
Marijuana,0.5050806843122062,Mexico,B,Male,29,2,4475.0234665854805
Cocaine,7.418390595513279,Colombia,C,Female,19,2,3145.7807818549973
Marijuana,5.628728515486392,Mexico,A,Male,24,2,4170.869404384386
Cocaine,4.645376589936838,Mexico,B,Female,18,3,4631.150311703712
Cocaine,8.524974619276234,Afghanistan,B,Male,32,0,1818.2844707184972
Heroin,9.271399214357237,Mexico,A,Male,25,3,4215.259857450088
Cocaine,0.2793636970218708,Afghanistan,C,Male,28,0,2140.8793113568445
Marijuana,8.646669256039079,Mexico,B,Male,30,4,4654.240770184879
Cocaine,8.505702769446785,Mexico,C,Female,26,0,2152.817653214879
Cocaine,9.114502249182085,Colombia,B,Male,26,4,1023.5546789575878
Cocaine,1.9035485393953604,Colombia,A,Male,30,3,4147.4117088210805
Marijuana,5.080575483382018,Afghanistan,A,Male,24,0,4208.846199771704
Heroin,7.888182696054411,Colombia,C,Male,26,3,3464.157538751973
Marijuana,0.4340433191215416,Mexico,A,Male,34,3,4936.084128217008
Cocaine,6.401651968437143,Mexico,B,Female,27,3,4729.855272119423
Cocaine,1.6793343297031973,Mexico,C,Male,24,2,2688.4549392327644
Marijuana,8.393507778664247,Afghanistan,B,Female,22,4,2890.7406333874155
Marijuana,6.971229223817923,Mexico,B,Male,25,1,2239.2312835013836
Marijuana,7.082673848621891,Colombia,A,Female,21,1,2797.402434618907
Marijuana,0.6374988673404742,Colombia,A,Male,25,3,3856.7741587384257
Marijuana,5.060395023059462,Mexico,B,Female,27,1,1746.0526524612226
Heroin,6.791610795991121,Colombia,B,Female,27,0,3380.700712923623
Heroin,3.6745821835272565,Afghanistan,A,Male,23,3,3994.5785149000217
Marijuana,7.690150367597899,Afghanistan,B,Female,34,0,4253.3956188152315
Heroin,8.306890786772334,Afghanistan,B,Female,34,3,4879.836930553896
Cocaine,9.105959445216723,Colombia,C,Male,19,0,3463.560148998135
Cocaine,9.661427457680558,Mexico,B,Male,27,3,4642.913428981078
Marijuana,3.3661386894610357,Colombia,A,Female,27,1,1961.8921884146016
Cocaine,8.592610901630248,Afghanistan,B,Male,27,3,3985.8620000088517
Heroin,1.61057548007177,Colombia,C,Female,21,1,1164.6524643575474
Heroin,2.554075857681116,Colombia,B,Female,31,3,3066.785339864722
Heroin,6.7873981515225505,Mexico,C,Female,20,0,3241.2634716380107
Marijuana,2.868102039045116,Afghanistan,C,Male,19,0,3153.644532274184
Cocaine,2.0663082910742503,Afghanistan,A,Male,23,0,2188.608007786473
Cocaine,5.179567681888757,Mexico,B,Female,33,4,3560.664593549754
Marijuana,7.851396484669073,Afghanistan,C,Female,23,4,4124.333523134492
Marijuana,9.60861266703039,Colombia,C,Male,35,3,2743.0829116596888
Cocaine,1.5818915269408007,Afghanistan,C,Female,28,2,1759.0373546828664
Cocaine,6.633495848226381,Afghanistan,B,Female,33,3,1815.8304359020722
Heroin,6.56744432620381,Afghanistan,C,Male,21,2,4951.27437821234
Heroin,3.437758883183087,Colombia,B,Female,19,4,2264.5573925968624
Cocaine,5.816212261508649,Afghanistan,A,Male,22,2,3933.99211729828
Marijuana,9.684416359908207,Afghanistan,A,Female,21,4,3420.8734131038445
Cocaine,6.723418412864959,Colombia,C,Female,19,0,4232.927680573253
Marijuana,7.280291306971239,Afghanistan,B,Female,28,2,4630.582770072313
Cocaine,2.921327331317852,Mexico,C,Female,31,2,4693.0419128511
Cocaine,0.5380713576843656,Afghanistan,C,Male,26,2,3890.6014488318274
Heroin,5.226969193350588,Afghanistan,B,Male,33,3,4334.753031067377
Marijuana,9.226748925118311,Afghanistan,C,Female,22,0,2416.8022502493627
Cocaine,7.225947952892284,Colombia,A,Female,20,1,1700.0636969620318
Cocaine,1.542462737151685,Colombia,B,Male,28,1,1345.5365733430745
Marijuana,4.043636281449541,Afghanistan,A,Female,32,2,4645.153656761302
Cocaine,0.7254679356959035,Colombia,C,Female,34,3,2392.617885934068
Cocaine,4.860432681385715,Afghanistan,C,Male,22,1,2367.191874848225
Cocaine,0.9139062137034206,Mexico,C,Female,19,0,1316.4063244980794
Marijuana,8.512801246151867,Afghanistan,C,Female,23,4,1131.7124896808227
Heroin,8.594476105943517,Colombia,B,Female,31,1,3439.3434585969935
Marijuana,6.058050109520952,Mexico,C,Female,24,0,2306.02633393649
Heroin,9.884422828957131,Mexico,C,Male,28,3,2589.199449865916
Marijuana,7.8626946906341395,Colombia,B,Male,29,4,4997.00495427868
Cocaine,6.8031644916318195,Mexico,C,Male,23,0,4676.941938070758
Marijuana,1.686125372594529,Mexico,C,Male,31,4,3009.500437548273
Heroin,5.837017733884557,Afghanistan,C,Female,25,2,3985.311201004377
Cocaine,8.951301598942724,Colombia,C,Female,26,4,2529.0571940100067
Cocaine,2.759127298783505,Afghanistan,A,Male,29,3,3010.5744281287452
Heroin,1.9354892447104108,Mexico,B,Female,35,4,4811.454833842331
Heroin,6.342966758873103,Colombia,A,Male,21,3,1288.5373890964179
Marijuana,7.3148453932959905,Colombia,C,Female,35,3,1494.558346061341
Cocaine,0.4827495062392646,Afghanistan,B,Male,30,0,1048.3251410093696
Marijuana,2.009103754648734,Afghanistan,C,Female,31,0,4765.816974462767
Cocaine,8.853266529773414,Mexico,A,Male,23,4,4723.467233731982
Marijuana,5.263086195814318,Colombia,A,Male,23,2,2913.180967968088
Cocaine,7.855334461708295,Colombia,A,Male,18,4,4428.749563213505
Marijuana,1.6020131523684316,Colombia,A,Female,28,4,2683.0584003997005
Marijuana,3.856679619567375,Afghanistan,B,Female,24,1,3063.7179625086687
Cocaine,3.0658900478293636,Colombia,B,Male,28,0,2036.6344222779512
Heroin,6.270121940002151,Colombia,C,Male,18,1,2815.0805048498028
Heroin,4.970882425626353,Colombia,B,Female,28,3,3864.6464614395304
Heroin,4.515364987460941,Mexico,C,Female,22,1,4211.24388716865
Marijuana,2.1646744028427443,Colombia,A,Female,24,2,3586.212114304089
Cocaine,7.304523902670372,Mexico,C,Female,30,0,4078.113551505239
Heroin,1.1359593659254799,Mexico,A,Female,24,4,3717.7102477225812
Heroin,7.465606300653291,Afghanistan,C,Male,18,1,1146.804998740369
Marijuana,5.612034859588422,Afghanistan,C,Female,23,1,3845.763172820047
Marijuana,8.97449346397159,Colombia,A,Female,25,2,2764.8565535733114
Heroin,7.707862166014922,Mexico,A,Male,32,4,2689.9688531348343
Heroin,6.453850737106001,Mexico,A,Male,19,2,3651.544516052545
Cocaine,7.892480614535249,Colombia,C,Female,24,2,1829.0261202251618
Marijuana,0.5580448239996034,Colombia,B,Female,32,1,2660.510149211463
Cocaine,2.1439345068444564,Mexico,A,Male,21,0,1618.3000786574112
Heroin,4.488672910799027,Afghanistan,A,Male,20,3,3140.3253452843655
Heroin,7.784437291552711,Afghanistan,A,Female,23,3,3620.9903238108
Cocaine,6.899951740461429,Afghanistan,C,Female,27,4,2964.4318938145616
Heroin,5.901030084148366,Colombia,C,Female,21,3,2566.1319685065628
Heroin,4.929452299454692,Colombia,C,Male,27,0,4975.600707564556
Marijuana,5.317121276009002,Mexico,C,Male,25,0,4224.291586611147
Cocaine,9.958143948645208,Afghanistan,A,Female,18,3,1681.3157081070667
Marijuana,7.3654365456630115,Mexico,A,Female,22,0,1933.085868158475
Heroin,9.87119602671263,Afghanistan,B,Male,21,1,4811.920014030609
Marijuana,5.777597593821258,Mexico,A,Female,29,3,3504.69618562426
Cocaine,6.145281908816566,Colombia,C,Female,26,3,3092.8724469130393
Cocaine,2.1266643686092532,Mexico,B,Male,25,1,1252.4211306727439
Marijuana,9.295206779513737,Afghanistan,B,Female,32,2,3220.66150984683
Marijuana,8.78938189797949,Mexico,A,Female,23,2,2354.910519084776
Marijuana,2.607610167141466,Colombia,A,Female,22,0,1719.5690692103885
Marijuana,7.154157079850157,Afghanistan,B,Male,28,4,4484.783415354337
Heroin,0.5873472554967839,Colombia,A,Female,35,2,2246.7932621897667
Marijuana,7.257274986330222,Colombia,A,Male,21,4,2979.3141822023726
Marijuana,1.2412780067947102,Colombia,A,Male,22,2,4422.397174843592
Heroin,8.495353230774048,Afghanistan,B,Female,20,1,2964.27265550936
Cocaine,8.061312937579746,Afghanistan,A,Female,22,4,2750.9418197696905
Heroin,4.052921063224618,Mexico,B,Male,20,1,3780.417593087637
Cocaine,5.9282264469473205,Afghanistan,B,Male,33,0,1634.0682657430284
Marijuana,6.499124227018946,Colombia,A,Male,23,2,3094.3053392180236
Marijuana,8.02685247409197,Colombia,C,Female,19,0,4187.85325603552
Marijuana,0.5506866894061099,Afghanistan,C,Female,25,1,1601.000610841687
Cocaine,0.2580537126038795,Afghanistan,C,Male,25,3,2517.5779753178176
Heroin,7.432877496521053,Mexico,C,Male,32,0,4563.002136760161
Heroin,1.6042901005648469,Mexico,C,Female,23,0,4389.942523091126
Heroin,5.131850898674418,Mexico,B,Female,19,0,2427.950421196796
Marijuana,6.4343998178160255,Afghanistan,A,Male,31,0,4326.8403105417165
Heroin,1.4002373476181367,Colombia,C,Female,25,3,2773.5313095720517
Cocaine,5.973097618049824,Mexico,C,Female,25,4,3732.836467049638
Heroin,2.123665749248022,Mexico,A,Male,20,3,3394.153237404533
Marijuana,4.460372262291113,Afghanistan,B,Male,31,1,4200.675963022309
Cocaine,3.603952588911755,Mexico,C,Male,19,3,3578.864217553357
Heroin,5.961839715221848,Afghanistan,A,Male,32,4,2082.05344386421
Heroin,4.399176922928296,Afghanistan,C,Female,30,0,2762.185695336285
Cocaine,8.938106391029667,Colombia,B,Female,28,1,3076.479624773251
Cocaine,9.14523620742206,Afghanistan,C,Female,20,4,3488.7518414391307
Heroin,6.985141217728824,Afghanistan,B,Female,21,4,1461.6512414231106
Heroin,9.61396803042707,Mexico,A,Male,34,0,3373.738576714726
Cocaine,8.78241562843206,Mexico,C,Male,29,3,3373.9300777503404
Heroin,8.008470369010741,Colombia,B,Male,21,2,3036.9788111417374
Cocaine,5.390865602644718,Afghanistan,A,Male,18,1,4459.846991802651
Cocaine,0.3661835573894411,Afghanistan,C,Male,28,1,2508.0552395404593
Cocaine,8.84481999137917,Colombia,C,Female,29,1,3708.3300078736743
Heroin,1.3437113992679248,Colombia,C,Female,35,2,3221.885104646973
Marijuana,9.953599585978457,Afghanistan,C,Female,19,2,4200.7021640542525
Heroin,0.551789279389538,Afghanistan,C,Female,18,2,1418.2703877440601
Marijuana,7.388219017955366,Afghanistan,A,Female,35,1,2665.179371931413
Marijuana,4.237660498078449,Afghanistan,B,Male,28,3,2026.9803911176464
Marijuana,0.7398663910128437,Mexico,B,Female,23,2,4476.417663505989
Heroin,0.6712303371926406,Afghanistan,A,Female,20,0,3114.3566311446803
Heroin,0.9566321784915236,Colombia,A,Female,18,3,2047.4435448295023
Marijuana,5.827654378297806,Mexico,C,Male,21,0,2792.1107691919606
Heroin,7.315023285956638,Colombia,B,Female,26,2,4129.028588858246
Heroin,9.763332283306225,Mexico,C,Male,21,3,4989.30210200375
Heroin,6.149654877531807,Mexico,B,Female,32,4,1010.905320087721
Heroin,4.416581820787728,Colombia,A,Male,25,0,3260.8106778250576
Cocaine,8.267675784128983,Mexico,B,Male,33,3,1359.732146517687
Marijuana,0.1712538582506886,Mexico,B,Female,35,1,1897.075321190589
Cocaine,3.872796887991379,Afghanistan,B,Male,33,2,1908.0790215866
Marijuana,8.17088518270838,Mexico,C,Male,29,2,4836.465885950899
Cocaine,0.6042395168849396,Mexico,A,Male,26,4,2477.889849914981
Marijuana,3.1292003710688787,Mexico,B,Female,35,0,3161.229933805674
Marijuana,8.556606017840489,Mexico,A,Female,22,0,3738.3657730459067
Marijuana,3.170665541784253,Afghanistan,A,Female,29,0,4729.9451538418125
Marijuana,5.208329531322208,Mexico,A,Male,35,2,4570.679536277711
Cocaine,1.8290743924704556,Colombia,A,Female,29,2,3079.1991206220428
Cocaine,4.178110905243113,Afghanistan,B,Female,35,3,2102.30931764413
Marijuana,1.8722688331391204,Mexico,B,Female,19,3,1803.4993294783308
Marijuana,4.879728966346745,Colombia,B,Male,32,4,1334.4995758191862
Heroin,4.5902312985399965,Mexico,C,Male,18,2,3062.253718454733
Cocaine,3.996726093504076,Colombia,A,Female,29,2,1961.800640778363
Marijuana,4.308120982378213,Colombia,B,Female,27,0,4274.1658679284665
Heroin,6.460991647803408,Colombia,C,Male,26,3,2904.232947253165
Marijuana,7.4376582160795985,Afghanistan,A,Female,30,3,1090.7561346793218
Cocaine,9.839815484803776,Afghanistan,C,Male,30,2,1207.777269459732
Cocaine,8.591733401562825,Afghanistan,B,Male,30,1,2822.6120214925704
Heroin,8.681998976991213,Afghanistan,A,Male,19,2,2082.3964566258055
Cocaine,5.096237077883111,Afghanistan,C,Female,18,1,3277.1362283198127
Marijuana,3.1237465466172956,Mexico,B,Male,26,1,1497.394004778001
Marijuana,1.2856039893732196,Afghanistan,C,Female,33,1,1331.1199948209266
Heroin,0.19143788095867242,Colombia,C,Female,33,0,1386.454730767233
Cocaine,4.1148239805826075,Mexico,A,Female,35,1,3784.254442797256
Cocaine,6.667471154207531,Mexico,B,Male,26,3,4356.037120119584
Marijuana,7.731725603322112,Mexico,A,Male,19,2,3021.599022404527
Heroin,8.6079586214774,Mexico,B,Female,27,3,1242.4093953610181
Marijuana,4.315445103303701,Afghanistan,A,Male,23,3,3885.43458417925
Cocaine,9.748471886262607,Mexico,C,Female,20,3,2260.5634969452985
Marijuana,6.36256357930751,Mexico,B,Female,24,1,3674.288071333953
Cocaine,3.2586991618800303,Mexico,B,Male,26,4,3291.719608218147
Marijuana,8.316636402613117,Afghanistan,B,Male,19,2,4600.161929657934
Heroin,0.37456596279499554,Mexico,A,Female,20,4,1122.094445231853
Cocaine,9.135947794085839,Mexico,A,Male,23,4,2228.5612279064753
Cocaine,6.1880575001535965,Mexico,C,Male,18,0,3039.971321229002
Heroin,6.204970077276525,Colombia,B,Male,30,3,2553.9892357226972
Marijuana,9.2730225359109,Mexico,B,Female,26,3,2418.4435125240416
Cocaine,9.774721802147683,Mexico,A,Female,22,4,2526.1955717197407
Marijuana,8.182532076189009,Mexico,C,Male,23,2,3026.1727930873717
Cocaine,4.661925645386454,Afghanistan,B,Female,25,0,2189.792778587008
Heroin,6.248516247978417,Mexico,B,Male,26,1,2260.0571978586495
Heroin,4.466374350863153,Afghanistan,A,Female,25,3,3621.721508118741
Marijuana,1.598794235256853,Colombia,A,Female,45,0,2833.943172342624
Heroin,2.8368187756003063,Colombia,C,Female,38,0,1753.0433215519333
Cocaine,6.159868645407469,Mexico,C,Male,47,2,1021.7456080643434
Heroin,8.193629425499102,Colombia,C,Male,45,2,4980.24779885333
Cocaine,8.84060495233933,Colombia,B,Male,46,4,1984.5549376926433
Marijuana,3.219763105067498,Colombia,A,Male,38,3,4999.965666134174
Cocaine,1.9330064358966845,Afghanistan,C,Male,45,1,4449.910513117855
Cocaine,7.147228468175226,Colombia,B,Male,47,3,2430.45480016821
Cocaine,3.3467025099413488,Mexico,B,Male,39,4,1613.7499251716827
Heroin,6.409107199141786,Mexico,B,Male,43,2,2619.162474387749
Cocaine,3.175783191760752,Afghanistan,B,Female,40,0,4263.667545929002
Marijuana,9.425893463815616,Colombia,A,Female,48,3,3734.164345345665
Cocaine,6.960811569137031,Afghanistan,A,Male,43,1,2005.4760539970196
Heroin,0.6125794644999111,Colombia,C,Male,47,1,1780.8519998895047
Cocaine,1.2784778543966955,Mexico,C,Female,42,3,2959.667526302537
Heroin,8.866164838910013,Colombia,C,Female,37,3,2687.0379667862626
Cocaine,2.6889524450106443,Colombia,C,Male,39,3,3205.4444636783924
Heroin,0.21343753590234893,Mexico,B,Female,48,0,3268.4918112984715
Marijuana,4.6509873765573335,Mexico,A,Female,44,0,4207.47242990702
Heroin,7.129391828856477,Colombia,C,Female,47,0,2889.638644563198
Marijuana,2.2793869839697822,Afghanistan,C,Female,43,0,1024.842918412141
Cocaine,2.83306267241317,Afghanistan,A,Female,38,4,3965.7382850970175
Marijuana,2.322745726118282,Afghanistan,B,Male,47,0,2494.723320629355
Heroin,3.8745014397383764,Colombia,B,Male,43,3,3408.060564200486
Marijuana,5.892635271777148,Colombia,A,Female,44,2,1744.6508937616816
Heroin,5.085541931617658,Afghanistan,A,Male,44,1,1774.8668958700362
Heroin,9.181897719921908,Mexico,A,Male,45,1,3457.185590816286
Marijuana,4.471250989740759,Colombia,C,Female,45,4,1104.308597824792
Marijuana,0.821496312628353,Afghanistan,B,Female,49,4,4503.732694643246
Cocaine,3.4178804980504633,Colombia,A,Male,38,4,1245.7275568791736
Cocaine,8.4717756320402,Afghanistan,A,Male,42,0,1506.1104972300031
Heroin,4.721418176475533,Afghanistan,C,Male,47,3,4188.510476441743
Heroin,3.9864431721127485,Afghanistan,C,Female,38,2,1112.5876364286014
Marijuana,0.9420198510923262,Colombia,B,Female,49,4,2896.296386093413
Heroin,4.098682273953101,Afghanistan,C,Female,50,2,2541.665176784746
Heroin,4.749396711993152,Colombia,A,Male,49,0,3541.7251721215534
Cocaine,4.765520441919754,Afghanistan,B,Female,45,1,1238.482801049555
Cocaine,2.6133526185372795,Afghanistan,A,Female,48,4,1384.4907289247205
Heroin,3.2679655589619077,Colombia,B,Female,46,1,4077.0002582911256
Cocaine,0.8432180721973731,Mexico,B,Female,39,1,4645.80985526095
Cocaine,0.8820620423773399,Colombia,B,Male,49,2,2899.1875732755952
Cocaine,0.18739373877404084,Colombia,A,Male,38,2,2118.6777829472885
Heroin,3.9701343332926773,Colombia,B,Male,47,3,4265.146907319158
Heroin,5.149138839557732,Colombia,A,Male,43,4,3613.3775688694823
Heroin,0.7193546312638989,Mexico,C,Female,36,4,4649.437676517591
Cocaine,5.469416693639335,Afghanistan,A,Male,46,4,2055.378030378097
Heroin,7.124311076756708,Mexico,A,Female,46,3,4083.9540339533232
Heroin,4.86632565158815,Afghanistan,A,Male,43,3,4351.613729122155
Heroin,1.6447420580495733,Mexico,A,Female,38,0,3017.2274676251664
Marijuana,9.307370996078962,Colombia,B,Male,47,3,1943.5519438197168
Marijuana,4.016558693820062,Mexico,A,Female,44,0,4736.155528346024
Cocaine,9.58550881193805,Afghanistan,A,Male,37,3,3215.72512863327
Marijuana,5.3158749149050015,Mexico,A,Male,36,0,4262.918249604136
Cocaine,3.9295737936385766,Afghanistan,A,Male,39,4,2962.522117087772
Marijuana,9.189724147321646,Afghanistan,C,Female,38,4,4421.853059778181
Marijuana,7.6275623256620735,Colombia,B,Female,47,4,2632.786163243636
Cocaine,6.998630893496298,Mexico,A,Male,40,4,2533.3920009830535
Heroin,0.9782765097378399,Afghanistan,B,Female,39,0,2459.22146200634
Cocaine,3.5142266988735402,Afghanistan,A,Male,41,0,4757.369443713398
Heroin,5.614698962751769,Mexico,B,Male,47,4,3947.6980271413377
Marijuana,3.1870389708181204,Mexico,A,Female,42,1,4679.01113240803
Marijuana,8.551253459489965,Colombia,A,Female,44,1,3163.823815527933
Cocaine,2.347073630050371,Afghanistan,B,Male,48,4,2775.027966911105
Cocaine,0.3275490907528176,Mexico,B,Female,46,0,2669.1026287512323
Heroin,8.070174674892295,Colombia,A,Male,40,4,4162.885381669459
Marijuana,6.866735620378135,Mexico,C,Female,40,4,1457.3417932994355
Heroin,6.113457715894057,Mexico,C,Female,36,2,3244.298707287514
Cocaine,0.27043288671236165,Mexico,C,Female,42,2,1982.1364589457985
Marijuana,4.535359765084307,Mexico,C,Male,40,3,2028.03599696073
Marijuana,3.652369428353895,Mexico,A,Male,39,0,1751.909301930603
Marijuana,0.9554300330480887,Mexico,C,Male,46,0,4278.682135489206
Marijuana,6.981730083841351,Mexico,A,Female,43,4,2773.35850897159
Marijuana,3.4591539949494576,Mexico,B,Female,50,0,1244.9797204389652
Heroin,1.9068321899927838,Afghanistan,C,Male,39,2,4117.970255870419
Cocaine,0.949000774347553,Colombia,C,Female,40,4,1135.53157095087
Marijuana,1.1301449099594738,Colombia,C,Female,37,0,3329.8614324360015
Heroin,2.184898986564871,Mexico,A,Male,47,0,3873.8663741845894
Cocaine,8.024659024963418,Afghanistan,A,Female,47,0,4892.993974812171
Marijuana,9.193025443165947,Mexico,B,Female,48,1,2041.1181162874589
Cocaine,1.6967005986209802,Mexico,A,Female,43,4,1830.3097225471533
Cocaine,0.6031812948560651,Mexico,C,Male,48,0,4487.534824007162
Cocaine,7.1437149769715,Mexico,B,Female,36,2,1738.018433034375
Heroin,0.8783576908271284,Afghanistan,B,Male,47,2,1587.93703025029
Marijuana,2.6393477592946923,Mexico,B,Female,47,3,2754.7194755280107
Cocaine,0.13654943177605525,Mexico,C,Male,47,1,3172.028659741233
Cocaine,8.830178817902956,Afghanistan,C,Female,48,3,1891.9918981185156
Heroin,2.031199562927318,Mexico,B,Female,49,2,2305.587694932332
Cocaine,3.2122752877091347,Afghanistan,C,Male,37,2,4367.696667514391
Marijuana,4.194000630964444,Afghanistan,B,Female,43,3,1197.0478030835197
Marijuana,7.398525775622988,Afghanistan,A,Female,41,3,1522.7276243704418
Heroin,3.684373717445683,Afghanistan,B,Male,47,0,1015.223961218498
Heroin,8.713682574443729,Mexico,A,Male,43,2,4877.604388410845
Heroin,1.6202189143022847,Colombia,C,Female,44,4,4088.5599427272846
Cocaine,9.882118846364829,Colombia,B,Male,42,4,4277.744908508757
Heroin,1.9400101434995496,Colombia,A,Male,47,0,4878.9056726605595
Heroin,0.263455816436195,Afghanistan,A,Female,46,0,2564.6710137973864
Cocaine,4.090952521604214,Colombia,A,Male,50,1,1791.0711450196964
Cocaine,7.032471776526428,Mexico,C,Male,44,4,1633.1566291033696
Marijuana,1.8728983303989588,Colombia,B,Male,49,2,1181.26938383388
Heroin,6.6137062831929105,Afghanistan,A,Male,38,0,1338.2531187369011
Heroin,6.385194970940216,Mexico,A,Male,43,3,4421.126766059553
Marijuana,2.346484274220946,Colombia,B,Female,39,3,4934.486263316854
Cocaine,0.453592373839964,Colombia,A,Male,37,4,1165.6004211013853
Cocaine,4.92494043481709,Colombia,A,Female,44,3,3986.1158438798
Cocaine,7.490766073034006,Colombia,A,Female,45,3,3050.6358731636083
Marijuana,3.810825053409582,Afghanistan,C,Female,37,4,2668.570633179435
Cocaine,6.585873164193626,Afghanistan,C,Male,36,4,4950.2488525497865
Marijuana,8.290872773110262,Afghanistan,C,Male,50,0,1907.902894059458
Heroin,4.581063932828933,Afghanistan,B,Female,48,3,2294.9420795498745
Cocaine,8.484655053329293,Afghanistan,A,Male,42,2,4247.24639850072
Cocaine,5.9466837592022035,Mexico,B,Female,43,1,2248.0086831397202
Heroin,9.306548941482939,Colombia,C,Male,41,0,3538.6590905817684
Marijuana,1.6433240147733934,Afghanistan,A,Female,39,3,2369.870775975939
Marijuana,4.791934467285924,Afghanistan,C,Female,39,0,4988.234671085991
Cocaine,6.371471720418861,Colombia,A,Male,48,2,2039.1409533581584
Cocaine,6.154296338083173,Afghanistan,B,Female,39,2,4192.860920621675
Cocaine,6.817975184917659,Colombia,C,Female,47,2,3456.9536936426225
Cocaine,3.866097235633809,Colombia,C,Female,50,4,4537.803926767171
Cocaine,8.296092558012159,Afghanistan,C,Male,45,1,3107.9999632358613
Marijuana,0.25405943790938784,Mexico,B,Female,40,1,4770.968138026377
Heroin,9.684454136429892,Afghanistan,B,Female,40,2,1939.8374381480323
Marijuana,5.162024150626938,Colombia,B,Female,43,0,1645.4819785121094
Cocaine,9.235755389615996,Colombia,B,Female,36,1,1669.062486546754
Heroin,1.809870193633201,Mexico,B,Male,43,3,4423.337984816126
Cocaine,6.288582781625797,Colombia,A,Female,50,2,4888.58186007975
Cocaine,1.258873737921477,Afghanistan,A,Female,45,4,4771.635684708233
Marijuana,7.420989022519751,Mexico,B,Female,47,1,1814.2501249226575
Heroin,4.347982018876558,Mexico,B,Male,44,0,2418.9615306867545
Heroin,7.5165270261078305,Mexico,C,Female,36,0,4914.551734515393
Marijuana,9.279915970139948,Afghanistan,C,Female,49,0,3334.97211449701
Marijuana,8.362885068462091,Afghanistan,A,Female,45,3,1567.6507406279788
Cocaine,2.383933158280012,Colombia,B,Female,39,0,4719.25009015531
Heroin,8.466405135695593,Colombia,B,Female,37,4,4605.123066734031
Marijuana,9.482099033941182,Colombia,A,Male,47,4,3662.4606863158747
Marijuana,2.2567657325438932,Afghanistan,C,Female,50,4,4687.033396512632
Marijuana,1.0722295891823754,Colombia,C,Male,49,4,3122.9751541045052
Heroin,7.1110313636624465,Mexico,A,Female,44,2,3350.0348955022628
Marijuana,5.726477954858665,Mexico,B,Female,43,4,3279.5445577312494
Cocaine,7.133655521393456,Colombia,B,Male,42,1,3990.4522847292073
Heroin,7.458263040850482,Mexico,C,Female,50,1,4366.280196158774
Marijuana,1.18443957866726,Colombia,A,Male,44,2,2767.015722039151
Heroin,2.7551535810046204,Mexico,B,Female,46,4,3356.2551585123038
Heroin,4.695173649316256,Mexico,A,Female,38,1,4534.104347847428
Heroin,4.419610988209023,Mexico,B,Female,42,2,2414.0050790336563
Heroin,7.99427743539813,Mexico,B,Female,45,0,3742.2659394106763
Marijuana,7.395605044068403,Colombia,B,Female,38,1,2815.0905341467114
Heroin,3.8275733408638444,Colombia,B,Female,43,2,4324.3434926308655
Marijuana,2.3472678327664225,Afghanistan,A,Female,42,1,2884.0184311074045
Heroin,6.032024933742708,Colombia,A,Female,48,3,2756.574656996
Cocaine,0.6824465550265709,Mexico,A,Female,48,0,1135.2287294133419
Cocaine,0.18579426722908007,Colombia,B,Female,43,0,1156.1865502841483
Cocaine,3.7068147986987507,Colombia,A,Female,36,1,3429.5027635484153
Cocaine,2.207430063763308,Mexico,B,Male,39,2,1272.3342101062512
Marijuana,8.877455953914398,Mexico,A,Male,48,3,4038.3806394976295
Marijuana,6.216643043699118,Colombia,C,Male,41,0,1876.1795696367535
Cocaine,2.8307984174188543,Mexico,C,Female,45,0,3209.5102358421623
Heroin,8.970879769455733,Afghanistan,B,Female,46,0,2733.7828328212354
Cocaine,4.781604549472225,Afghanistan,B,Female,39,4,4905.729202272585
Marijuana,8.801557920585378,Afghanistan,B,Male,50,4,1795.8280301878572
Cocaine,1.6753540410690957,Colombia,A,Male,50,1,1547.7000429776867
Marijuana,6.996877062951403,Mexico,A,Male,45,1,2151.8915669476874
Heroin,1.0763061659042392,Mexico,B,Male,49,0,1615.044610548332
Marijuana,9.485971313776218,Afghanistan,C,Male,38,3,1809.6379767676822
Cocaine,8.698011089048158,Afghanistan,B,Female,49,4,3002.3263827098435
Marijuana,6.255374881822887,Mexico,B,Male,37,3,4332.364032124949
Marijuana,1.5821470617149715,Mexico,A,Female,38,0,3045.312497137598
Heroin,3.4071376449458324,Colombia,A,Male,38,2,4651.476399292628
Cocaine,0.29338480895834473,Afghanistan,C,Male,36,2,2418.662731339198
Heroin,2.4413633122545644,Colombia,B,Male,45,4,4270.664473410884
Heroin,9.458542287423906,Colombia,A,Female,50,2,4512.65532249528
Heroin,1.7937011334033819,Mexico,B,Male,44,1,4429.788372974315
Cocaine,1.8965478498817083,Colombia,A,Female,37,1,2800.7068625625925
Marijuana,7.625855545574559,Afghanistan,B,Male,50,1,2385.0118306473532
Marijuana,7.97630708190131,Mexico,C,Female,42,3,3510.15579647916
Heroin,8.559893579669986,Mexico,C,Male,45,1,2446.5495511783706
Heroin,8.495411068441948,Colombia,B,Female,45,3,1543.595067909906
Heroin,7.730902849305753,Colombia,A,Male,48,2,3231.200317132719
Marijuana,6.229991740890862,Colombia,C,Male,45,0,4005.5846630289466
Heroin,9.604759364045018,Mexico,A,Male,38,3,1023.8544297477965
Marijuana,6.0150118791819285,Mexico,B,Female,39,0,3670.912783171194
Heroin,2.2131668651775778,Colombia,A,Male,45,2,4647.580578645671
Cocaine,7.154299599873636,Colombia,A,Male,43,4,2106.65858755692
Marijuana,4.680278010062383,Afghanistan,A,Female,45,1,2335.760560001713
Heroin,4.852395425314269,Colombia,C,Male,44,4,4425.405124072284
Marijuana,9.954372270048227,Colombia,B,Male,49,3,1509.2336364215582
Cocaine,4.828101176871283,Colombia,C,Male,40,2,4944.794854406382
Heroin,5.2477613439141635,Colombia,C,Male,41,2,1688.6118597604486
Heroin,5.77424923097714,Afghanistan,B,Male,36,1,1930.083779711906
Heroin,5.936209721724651,Afghanistan,B,Male,40,1,3777.4195903436953
Marijuana,4.206804803449285,Mexico,C,Female,36,0,2781.317075339703
Marijuana,6.103231637017087,Colombia,C,Male,42,3,2703.4972298368684
Marijuana,6.854282494428812,Mexico,A,Female,37,4,4293.9622216199705
Marijuana,8.977899006627691,Afghanistan,C,Female,46,1,1696.4263275569529
Cocaine,3.756845739810398,Colombia,C,Male,48,2,3316.710672560383
Cocaine,9.514356625800492,Mexico,C,Male,43,3,1136.200227098419
Cocaine,5.335999071867469,Afghanistan,C,Female,38,3,2142.5683789041195
Marijuana,4.709236654595725,Mexico,A,Male,45,4,1780.5422506597397
Heroin,4.930541486060037,Afghanistan,A,Female,44,2,3525.002629192716
Cocaine,2.3846333688466097,Colombia,B,Male,38,3,3551.01251139352
Heroin,1.4198874182088004,Mexico,B,Female,44,0,1150.890715926038
Marijuana,7.420242772210536,Colombia,C,Male,49,4,3930.854340567191
Cocaine,3.059441814615011,Afghanistan,B,Female,43,3,2803.268868945813
Cocaine,5.493629622100071,Mexico,C,Female,50,1,4137.395860209952
Heroin,5.45857653737457,Afghanistan,C,Female,43,2,3800.916412772722
Cocaine,8.02457037269497,Mexico,C,Female,46,3,4513.185997515351
Heroin,1.863410806385235,Mexico,C,Female,42,4,3011.5255692235837
Heroin,6.73629092196968,Colombia,B,Male,42,4,4531.508936999167
Marijuana,3.844293177649674,Afghanistan,A,Female,41,0,4854.5538929855975
Cocaine,8.556276047676695,Afghanistan,C,Male,46,2,1574.318664154276
Cocaine,5.78872794752192,Colombia,A,Male,39,4,2374.5801107238362
Cocaine,2.018504237955455,Afghanistan,C,Male,40,2,3691.69507350459
Marijuana,4.304198288844474,Afghanistan,C,Male,50,0,4314.589889893854
Heroin,7.755417708865308,Colombia,C,Female,42,3,3208.4993026654292
Heroin,8.33241449722334,Mexico,B,Female,48,1,3185.5076849699212
Marijuana,7.118529907605048,Afghanistan,B,Male,47,0,1925.89349413
Marijuana,0.9083760823898066,Afghanistan,B,Female,36,2,2778.874457407469
Heroin,1.1709330800188,Colombia,B,Female,42,4,2091.123537742841
Heroin,7.812727436022601,Mexico,C,Male,48,1,4622.74115854341
Heroin,1.0100178402761086,Afghanistan,C,Female,44,1,1727.1522445989808
Marijuana,9.036331901516524,Afghanistan,B,Male,36,1,3371.565372441436
Heroin,7.23344428494384,Mexico,B,Female,49,1,4293.5275102418755
Heroin,2.6611437964199847,Afghanistan,C,Male,39,3,3316.1686876920603
Heroin,1.0825293677589873,Colombia,B,Male,39,2,4877.508714075524
Marijuana,1.5316834138006739,Afghanistan,C,Male,37,2,3338.520239973706
Marijuana,6.295149036310952,Mexico,B,Female,48,3,4670.856275170954
Cocaine,8.029544890767303,Afghanistan,A,Female,36,2,1172.4885946274587
Cocaine,2.3401575402680743,Colombia,B,Female,46,0,2782.949926095557
Marijuana,2.3476458112487566,Colombia,B,Male,37,0,4170.9027493010835
Marijuana,4.079929760358146,Afghanistan,A,Male,41,2,3706.118457603158
Cocaine,3.5486752299454967,Afghanistan,B,Female,49,3,1282.7291143514549
Marijuana,7.266309643427949,Colombia,B,Female,49,2,2877.167710406446
Marijuana,9.682148979660274,Mexico,B,Female,39,4,3898.4663614103683
Marijuana,4.706146511131569,Mexico,C,Male,42,0,4258.017353320973
Marijuana,7.627806526626073,Afghanistan,B,Female,45,2,2555.4690044795316
Cocaine,2.1191372117986904,Mexico,C,Female,37,1,3876.203731024386
Heroin,7.4525287533509506,Mexico,C,Female,47,0,1996.926170485946
Heroin,3.4648611028672125,Afghanistan,A,Female,38,2,2783.357947646952
Cocaine,6.552165224641783,Mexico,A,Female,44,4,2688.9993033177716
Cocaine,9.905356701970147,Mexico,C,Male,39,3,2801.124172522168
Marijuana,3.6673755868487365,Colombia,B,Female,41,4,3964.113525498985
Cocaine,3.4539585695050636,Mexico,C,Male,40,3,3358.755862169534
Cocaine,3.9220417616926193,Mexico,A,Male,43,3,4450.766229797375
Cocaine,3.6550106524281567,Colombia,A,Female,36,1,1129.3201435907986
Marijuana,7.969935091663445,Colombia,A,Male,47,0,3202.6101139705643
Cocaine,4.168712328813643,Afghanistan,B,Female,36,4,1578.0844568093862
Cocaine,4.67457973953757,Colombia,A,Male,49,4,2844.1004375238153
Cocaine,9.18766755308763,Afghanistan,C,Male,39,1,3152.5231658302164
Heroin,6.421887247369347,Colombia,C,Male,43,1,2165.717148716524
Heroin,7.378686070199569,Afghanistan,C,Female,49,1,2144.3190913435174
Marijuana,8.023511825212063,Afghanistan,B,Female,41,0,1274.2523876864925
Cocaine,6.410712332339769,Mexico,B,Female,39,3,2611.237391523515
Cocaine,1.7687423753073457,Colombia,A,Male,48,1,3171.3069846801145
Marijuana,9.071318642167105,Afghanistan,A,Female,36,4,3246.9452774436127
Marijuana,4.839844137114657,Mexico,B,Female,50,1,1165.1107244436982
Cocaine,3.664904715843372,Colombia,C,Female,50,1,1270.9103363566521
Marijuana,4.330643426351907,Mexico,A,Male,45,0,2180.1229365182216
Marijuana,6.122078671751886,Colombia,B,Female,50,4,3010.9405198673985
Marijuana,2.2407367513089644,Colombia,B,Male,39,4,4204.510198215479
Heroin,3.0030361046445027,Mexico,C,Male,44,4,3825.643304565779
Marijuana,0.3725208044922593,Mexico,A,Female,40,1,4206.871269886669
Heroin,0.2490221205319324,Afghanistan,B,Male,48,2,3239.0378245325537
Cocaine,6.180453275509171,Colombia,B,Male,47,3,1518.5912087585884
Marijuana,7.649052151201442,Mexico,A,Female,37,3,2350.4208497162144
Marijuana,8.313817629397008,Colombia,C,Female,40,2,2074.9573132500373
Heroin,9.464645576147538,Afghanistan,B,Female,40,1,4087.8355512865305
Heroin,6.800864489985562,Colombia,C,Female,42,4,1656.78621517712
Heroin,9.715331384720985,Afghanistan,B,Male,42,2,3815.3337737886286
Marijuana,9.723167589976201,Afghanistan,C,Male,42,3,3282.7690806855735
Cocaine,1.943796945044018,Mexico,A,Female,43,4,1799.1255543626519
Cocaine,3.72326527621271,Mexico,B,Female,42,3,4799.479154105984
Marijuana,0.894567332301652,Afghanistan,B,Female,45,1,2433.984475889026
Marijuana,0.6719738491197366,Colombia,A,Male,36,2,3357.2651880648727
Cocaine,2.050289209376295,Colombia,B,Male,49,4,1784.3342578835407
Heroin,8.432011927092892,Mexico,A,Male,36,4,4260.575174242284
Heroin,2.0641487826311913,Colombia,B,Female,43,3,1258.391154970804
Heroin,3.201097591799821,Afghanistan,A,Female,36,4,4431.297563138312
Heroin,0.341100860868596,Afghanistan,A,Female,44,2,1308.8020840464064
Heroin,3.9359474058692627,Afghanistan,A,Male,36,0,2251.5036539917646
Cocaine,7.413481534957347,Colombia,A,Female,46,0,2535.2874358941817
Marijuana,4.70434004023565,Mexico,C,Male,38,0,3079.3579780358505
Marijuana,1.7677809684776344,Afghanistan,C,Male,43,3,2703.5355536458533
Marijuana,7.543106271016795,Colombia,B,Male,49,0,2205.0675348468485
Cocaine,2.508269238342464,Afghanistan,A,Male,47,4,4595.213642843848
Heroin,2.336309573803705,Colombia,A,Male,49,1,4355.331268913869
Cocaine,3.731155103674031,Colombia,A,Female,39,3,4902.286431005937
Marijuana,4.088039633280404,Afghanistan,C,Female,38,3,3266.3937940428677
Heroin,5.00438969872445,Colombia,C,Male,50,2,2441.7678218429237
Cocaine,6.720262131588712,Mexico,A,Female,44,2,4432.667982433819
Heroin,6.4075808707275606,Colombia,B,Female,41,3,2939.864027815153
Cocaine,9.544402024482375,Mexico,C,Female,49,1,1009.3496349839896
Cocaine,7.577810662015314,Colombia,B,Female,38,1,3805.337589720296
Cocaine,1.1875872524000661,Mexico,C,Male,47,1,1836.5957642126718
Cocaine,5.3529330098609185,Colombia,A,Female,49,0,1935.9088343216167
Heroin,0.23915116190314833,Afghanistan,C,Female,49,2,1785.2586731081542
Marijuana,1.6252656325312143,Mexico,B,Female,45,0,4718.388052678933
Marijuana,0.796741303787108,Mexico,B,Male,41,3,2556.1582978822544
Marijuana,1.275001828702215,Mexico,C,Female,36,0,3792.1090996732305
Marijuana,4.4013048428750245,Mexico,B,Male,44,4,3448.996756592448
Heroin,7.632544303632452,Afghanistan,A,Male,36,2,2946.6077945162488
Cocaine,5.979806867354067,Mexico,C,Male,36,0,2909.4125952352633
Cocaine,6.301091984309293,Mexico,C,Male,60,2,1116.9040826965993
Cocaine,7.9258316393609585,Colombia,C,Female,51,1,1171.236488680226
Cocaine,5.245568541454093,Colombia,A,Female,52,3,2312.253661808192
Cocaine,2.573737302538938,Colombia,B,Male,51,3,4369.043518961405
Cocaine,4.896272347219453,Afghanistan,C,Female,61,2,4730.4765881832955
Marijuana,2.545304604869357,Colombia,A,Male,57,3,1153.0174901966386
Heroin,9.968920591499637,Mexico,A,Female,57,0,3628.012503620425
Marijuana,5.5267240713708174,Colombia,B,Male,63,1,3683.372766766256
Marijuana,2.4234950299177287,Afghanistan,B,Male,65,4,4697.4445402773545
Cocaine,2.685789354204318,Afghanistan,C,Male,62,1,4328.334982271888
Marijuana,2.6757208675056527,Mexico,C,Male,58,4,2338.865291019557
Heroin,3.9185493777136045,Colombia,C,Female,64,0,4083.9222047637036
Heroin,7.963916747355961,Mexico,B,Female,56,2,3642.904018882348
Heroin,3.9398155318616292,Afghanistan,B,Male,65,2,3405.8658033647084
Heroin,3.6420975607279202,Colombia,C,Male,54,2,2766.694836825079
Heroin,7.550662147175777,Mexico,B,Female,55,0,2951.718140584946
Cocaine,9.662886653917461,Mexico,C,Female,52,0,2797.0197883480614
Marijuana,6.899981109787521,Afghanistan,A,Male,54,1,3636.7071707479013
Heroin,3.2230487894033653,Colombia,B,Female,62,2,4653.7335594136275
Cocaine,2.7733394017220374,Colombia,A,Female,56,0,3553.5951535070076
Heroin,1.5445463352697597,Mexico,C,Male,55,2,2432.360644828913
Heroin,1.504741043247887,Colombia,B,Female,58,1,2951.4276916974477
Heroin,9.858135579429936,Mexico,B,Female,60,4,2726.0880812041914
Heroin,2.935354129756919,Mexico,C,Female,58,0,3626.3473082261576
Cocaine,8.168926361586161,Mexico,B,Female,54,3,1515.3391849532304
Heroin,7.0037704601821,Mexico,A,Female,55,4,4491.301362680457
Marijuana,5.758130656231972,Colombia,B,Male,58,0,2004.2455620434253
Marijuana,0.512272905629269,Mexico,C,Male,60,1,2878.93761860266
Marijuana,3.0989213632964683,Afghanistan,A,Female,56,2,3189.8190704135754
Cocaine,5.949596735506318,Mexico,C,Male,59,1,1452.0395641434866
Heroin,1.568634229868941,Afghanistan,A,Female,59,4,4592.4929164407995
Marijuana,8.208132005449313,Mexico,A,Female,53,3,1390.1776148623571
Marijuana,1.6764057205920317,Afghanistan,A,Female,56,1,2469.934707643978
Marijuana,8.008763803418518,Mexico,A,Male,60,1,2163.9474852474777
Marijuana,9.722861037191047,Mexico,B,Female,51,1,3988.1229762264147
Marijuana,8.232791102548392,Afghanistan,C,Female,58,2,2487.3633307904597
Cocaine,9.400993453190376,Mexico,B,Male,59,1,2444.1812576530087
Marijuana,6.689555032664086,Colombia,C,Female,55,0,2517.614543491145
Cocaine,9.217153129507631,Mexico,A,Male,65,4,3630.3395897782834
Marijuana,3.046087292228038,Colombia,C,Male,61,4,3684.726663638399
Heroin,6.412172444293435,Mexico,C,Male,60,2,3191.323628713386
Marijuana,9.479715169255996,Afghanistan,C,Female,52,3,2979.369067362502
Heroin,8.834374342093845,Afghanistan,B,Female,52,2,4079.6192700371994
Heroin,5.458736417463106,Colombia,A,Male,57,3,4854.59337850552
Marijuana,8.51326960271861,Mexico,B,Female,53,1,4297.925523294662
Marijuana,0.11785077926141053,Afghanistan,B,Female,52,0,2217.8788943582895
Cocaine,1.6830742777614616,Colombia,B,Male,55,0,1524.2943943635196
Cocaine,5.472599967700552,Colombia,C,Female,65,0,4374.839310916392
Marijuana,4.164514701486792,Afghanistan,B,Male,58,2,3144.9263409356167
Cocaine,1.9446882915416608,Mexico,B,Female,52,3,1015.8022894629379
Cocaine,2.7932617091477616,Afghanistan,A,Male,65,3,2578.586629287747
Heroin,7.980006295615649,Colombia,C,Female,57,3,1881.5603946071162
Heroin,8.953689742727333,Colombia,B,Male,53,3,3505.3783930449454
Heroin,8.012035045479221,Colombia,C,Female,58,0,3249.978199093646
Marijuana,4.502586508555806,Colombia,B,Female,63,4,3318.239921743287
Cocaine,0.16051317223618158,Mexico,B,Female,54,2,1949.985600925363
Heroin,2.9846919863027397,Afghanistan,C,Male,65,2,4730.285258968221
Marijuana,5.767750640697145,Afghanistan,A,Male,52,2,3336.1935879278235
Cocaine,7.170624388641015,Afghanistan,B,Male,63,2,3308.641051348108
Cocaine,9.274476845320914,Colombia,A,Female,53,2,3330.601155129673
Marijuana,3.9477835388156284,Afghanistan,C,Female,55,0,4191.9349850520475
Heroin,5.7085243874976666,Afghanistan,C,Male,59,0,1532.89087074365
Cocaine,2.7618058917856265,Mexico,C,Female,53,4,3278.0343024068866
Cocaine,6.207418099586689,Colombia,C,Male,51,0,2657.092430543734
Marijuana,0.5188126301389523,Afghanistan,B,Male,62,4,3740.416967317397
Marijuana,0.33852471520668476,Afghanistan,B,Male,63,3,1190.0873435694618
Cocaine,1.600001816646345,Mexico,B,Male,55,4,3856.0451819960763
Marijuana,1.257851258142804,Afghanistan,A,Male,63,0,3937.074287666763
Cocaine,3.6883461869817387,Mexico,C,Male,55,1,3517.1514210616656
Cocaine,4.705433272029197,Afghanistan,A,Female,58,0,2530.0055638735635
Marijuana,4.799541298770843,Mexico,B,Female,64,0,2722.4381474611096
Marijuana,3.3128384163317626,Afghanistan,A,Male,65,4,2215.7338925378212
Cocaine,4.8616822769435535,Afghanistan,A,Female,64,4,1870.831716614402
Heroin,6.371079295103829,Afghanistan,A,Male,63,2,3870.6945215743576
Cocaine,6.924891567724938,Afghanistan,B,Male,63,0,2259.186478385114
Marijuana,6.78919997448219,Colombia,B,Female,61,1,1708.3169767469867
Cocaine,8.322709208246906,Afghanistan,A,Male,65,1,4359.142598010203
Heroin,2.1319475590013037,Mexico,A,Female,64,4,2871.142638414549
Heroin,0.834884099524786,Colombia,A,Male,64,4,3499.838876855902
Cocaine,8.540808249838687,Afghanistan,A,Female,58,1,1604.6629755308843
Marijuana,0.6177007275465163,Mexico,A,Male,57,2,3671.5911148387504
Heroin,4.739869912221643,Colombia,C,Male,61,3,2403.432722332418
Marijuana,8.761732476145877,Afghanistan,A,Female,65,4,3730.813427346771
Cocaine,6.407305559874339,Mexico,C,Male,54,1,3554.4660535526323
Heroin,8.76180815062275,Colombia,A,Female,60,4,4150.059400625705
Heroin,7.401053794247986,Afghanistan,B,Male,61,0,1419.3924110404105
Marijuana,0.7905879242488936,Afghanistan,C,Female,65,3,4524.886435939028
Marijuana,3.783553160813147,Mexico,A,Male,52,0,1271.4057886145933
Cocaine,6.973225702991157,Mexico,A,Male,56,1,3994.212226293624
Marijuana,1.8013286801046353,Afghanistan,B,Male,52,2,3065.264557973579
Marijuana,8.714686420256951,Afghanistan,C,Female,63,3,2023.8128264283741
Heroin,9.919691759350442,Mexico,B,Female,61,0,4208.54055896769
Heroin,1.0264067595233788,Mexico,C,Male,58,1,3105.6621421521636
Marijuana,7.149848427945525,Afghanistan,B,Male,54,0,1324.922775541509
Heroin,1.0399996093308994,Colombia,A,Male,65,4,4631.839429729754
Cocaine,3.4381714639043635,Mexico,C,Male,57,4,4005.66541491633
Marijuana,2.794912246884428,Mexico,C,Female,57,0,3403.2814049791627
Heroin,0.42053223641676873,Colombia,A,Male,64,3,4405.0618839133
Heroin,9.226287900386232,Afghanistan,A,Female,51,2,2502.5572980019883
Marijuana,7.226771121429131,Afghanistan,A,Female,54,4,2967.1470052893055
Cocaine,6.688648845046421,Afghanistan,A,Male,60,1,4101.292644729259
Marijuana,6.334782185716374,Mexico,C,Female,63,1,1556.9233835142118
Marijuana,1.5915852968714272,Mexico,C,Male,54,3,4441.284404284044
Heroin,7.491150148825728,Mexico,B,Female,62,2,4131.834254214369
Marijuana,1.4067975580701353,Afghanistan,C,Male,63,3,4887.286912617912
Cocaine,4.943106262335234,Colombia,A,Female,60,2,4502.638932831574
Heroin,3.9580686957502897,Afghanistan,C,Female,51,2,1414.4536886048509
Heroin,2.9000347069958474,Afghanistan,A,Female,52,3,2026.8980756929577
Cocaine,4.1860082585885605,Mexico,B,Male,53,2,1521.216159387385
Cocaine,0.3417930849089027,Colombia,B,Female,63,4,1963.607775462499
Cocaine,8.687387554261175,Mexico,A,Male,54,2,4127.667876526268
Heroin,5.645214304634444,Afghanistan,B,Female,51,2,4376.906845841707
Marijuana,7.171361576766565,Mexico,C,Male,54,2,4999.879566493185
Marijuana,7.079871820097362,Colombia,A,Female,54,0,1281.0128917849463
Marijuana,5.122003287988139,Colombia,C,Female,58,2,3782.324681528256
Cocaine,0.7820099969213897,Mexico,C,Male,53,0,2352.7848046455147
Marijuana,2.4688254839192063,Colombia,C,Male,52,3,1320.8538747241491
Marijuana,8.98299214715068,Mexico,A,Female,65,1,4199.747290253978
Marijuana,0.9971904970063401,Afghanistan,C,Male,58,1,4136.693251624032
Marijuana,4.421649621860702,Afghanistan,B,Female,52,1,1145.9602570722916
Cocaine,6.64352143297257,Colombia,B,Male,56,2,2878.122422779899
Marijuana,3.724010844216728,Colombia,C,Male,60,1,1416.8901577493625
Heroin,8.44844000430675,Mexico,B,Male,57,1,3643.820768150233
Heroin,1.9948609364592473,Afghanistan,C,Male,62,1,2776.976193055547
Heroin,9.988403546855753,Afghanistan,C,Female,62,0,3619.584796340791
Cocaine,4.595921598974165,Colombia,A,Female,54,0,2624.7455579620455
Heroin,3.7305642592004618,Mexico,B,Male,63,2,2474.823602237716
Cocaine,9.506539123853244,Mexico,A,Female,59,4,4621.374868246492
Cocaine,3.771012090508805,Afghanistan,A,Female,59,2,1840.7845724017466
Heroin,7.938804103332009,Afghanistan,A,Female,51,0,4809.597459730137
Cocaine,0.6045130212325476,Colombia,B,Female,58,0,2130.754691555888
Cocaine,6.100803059949275,Mexico,C,Female,65,0,1302.435346727238
Marijuana,2.2445881359598765,Colombia,A,Male,53,0,1038.0429142975606
Cocaine,1.051219264878669,Colombia,C,Female,57,1,4618.993796875986
Heroin,6.7404033340027585,Mexico,C,Male,53,4,3284.877244139783
Heroin,3.9359079306689675,Mexico,A,Female,53,3,1518.3188614299295
Marijuana,6.115056714295495,Colombia,A,Male,62,4,2092.6069188021775
Marijuana,9.353743573782118,Colombia,A,Female,53,0,1744.4259904956923
Marijuana,3.6047827715089276,Afghanistan,A,Male,54,3,4929.6577092542675
Marijuana,8.338625336908382,Colombia,C,Male,55,2,1727.563496864705
Marijuana,0.37274258852956477,Mexico,C,Female,58,2,1781.8811036225961
Heroin,4.263792162688085,Afghanistan,B,Male,52,4,3627.220110091852
Heroin,8.323550767568214,Mexico,B,Male,60,3,4526.2909256234225
Cocaine,2.0411431917616265,Afghanistan,A,Male,55,3,4371.410288099876
Marijuana,1.158289247510601,Afghanistan,C,Male,52,3,4295.183915087723
Marijuana,9.757559800380085,Mexico,C,Female,57,0,2269.869703034474
Cocaine,8.92362775424912,Mexico,B,Male,65,4,4281.257625356575
Heroin,1.034382557674125,Afghanistan,A,Male,60,4,3810.1699159835503
Marijuana,2.2166828033094235,Afghanistan,B,Male,51,3,2171.4472132361143
Heroin,6.519261772100572,Afghanistan,A,Female,60,0,4519.673091241826
Cocaine,2.104063602299898,Mexico,A,Male,57,1,2272.012968739226
Heroin,7.697201917192265,Afghanistan,C,Female,57,2,1497.8732865636446
Heroin,3.4043331448044447,Colombia,A,Female,56,4,1689.6600247670763
Marijuana,0.6336317086785815,Afghanistan,C,Female,56,0,3121.456214711193
Cocaine,6.700221319307871,Colombia,A,Female,55,0,1966.4006141797709
Marijuana,4.699746968835784,Afghanistan,A,Male,59,3,3149.369744089882
Cocaine,8.140498612638185,Mexico,B,Female,53,3,1787.3877109857258
Marijuana,3.3511045503038797,Afghanistan,C,Male,53,0,2527.7020149801506
Marijuana,5.414907208533212,Afghanistan,B,Female,63,4,4648.731823500236
Cocaine,7.3991098347552775,Mexico,B,Female,54,1,4349.6876069166065
Heroin,6.5612430304045555,Afghanistan,A,Female,61,2,4466.43519742416
Heroin,5.194113102055777,Afghanistan,B,Male,58,1,4464.125135299886
Cocaine,5.60417041553093,Colombia,B,Female,54,0,2341.7441085834057
Heroin,5.080661453790271,Mexico,C,Male,63,0,4097.125504609481
Heroin,0.43435677573561005,Colombia,C,Male,51,2,4295.041158835376
Marijuana,8.406251660695249,Colombia,A,Female,60,1,4689.564845887266
Marijuana,7.2988991809446055,Afghanistan,B,Female,57,1,2187.9722337475505
Cocaine,3.720391192220551,Colombia,A,Male,61,1,4657.391589722269
Marijuana,9.694288876338687,Mexico,A,Male,56,4,2955.0845169926506
Marijuana,1.5341002726487765,Mexico,A,Female,57,2,4814.408422643043
Heroin,2.396833573861635,Colombia,C,Female,59,2,1226.6149348138647
Cocaine,6.402917048564264,Afghanistan,C,Female,61,4,1142.5927680943207
Cocaine,2.455419413848149,Afghanistan,B,Female,56,4,3594.442805488481
Heroin,0.9731715303669238,Mexico,B,Female,53,3,4015.880803604713
Cocaine,6.397268220227501,Afghanistan,C,Male,60,3,4412.522998429425
Cocaine,0.734191681437748,Colombia,B,Male,53,2,3896.564262749115
Cocaine,8.564378751810052,Afghanistan,C,Female,51,4,2183.3744881823914
Cocaine,3.4092935005092753,Colombia,B,Male,52,1,1715.1748149485293
Heroin,3.144120190683354,Mexico,A,Male,52,1,3528.4780357466143
Cocaine,7.575515863698269,Colombia,A,Female,64,2,2591.050090311711
Marijuana,7.785726109542816,Colombia,C,Female,62,1,2159.0085567839074
Marijuana,5.457162273017374,Colombia,B,Male,64,0,4081.912228060604
Marijuana,8.640846880021474,Mexico,C,Male,55,4,1190.3839059328973
Marijuana,8.368235497369318,Afghanistan,C,Female,59,2,4943.648161987478
Marijuana,8.720068657955386,Colombia,B,Female,54,3,2371.426000591545
Cocaine,2.5760924809803103,Mexico,C,Female,65,1,1411.1306522127288
Heroin,0.19207585103152214,Colombia,B,Male,53,3,4900.224539191912
Heroin,8.38637980317393,Mexico,A,Male,57,4,2787.61616613104
Marijuana,6.1604654323230665,Afghanistan,C,Female,58,0,1297.6308148971998
Heroin,0.18919643125036584,Afghanistan,A,Female,60,1,3184.1396056323506
Heroin,7.986226937744131,Colombia,B,Male,65,1,2974.559423341715
Marijuana,2.554154173132578,Mexico,B,Male,51,2,1522.3202286665569
Marijuana,4.732258728852679,Mexico,A,Female,65,1,1504.566376799716
Cocaine,2.267264964696844,Afghanistan,C,Female,64,2,3433.527253526413
Heroin,3.840931903243409,Colombia,C,Female,59,3,3681.3969025182832
Marijuana,5.748079376882663,Colombia,B,Female,61,3,3134.747207827266
Heroin,2.613362116337242,Afghanistan,C,Female,63,2,2708.3664383725954
Cocaine,9.383475505714843,Colombia,A,Female,64,2,1992.463056406676
Heroin,3.997546386700279,Afghanistan,A,Female,64,1,2063.4482796793905
Heroin,2.9521837365330974,Afghanistan,B,Female,60,2,1570.4086526406286
